City_ID,City,Country,Date,Lat,Lng,Max Temp,Humidity,Cloudiness,Wind Speed
0,Koumac,NC,2022-09-10 23:09:58,-20.5667,164.2833,79.66,68,0,1.36
1,Puerto Ayora,EC,2022-09-10 23:09:58,-0.7393,-90.3518,67.55,86,84,5.99
2,Busselton,AU,2022-09-10 23:09:59,-33.65,115.3333,50.7,90,7,2.84
3,Los Alamos,US,2022-09-10 23:05:44,35.8881,-106.307,75.76,37,0,5.75
4,Georgetown,MY,2022-09-10 23:09:59,5.4112,100.3354,80.53,87,20,3.44
5,Nome,US,2022-09-10 23:09:45,64.5011,-165.4064,48.27,62,75,6.91
6,Bredasdorp,ZA,2022-09-10 23:10:00,-34.5322,20.0403,54.37,77,0,11.99
7,Forest,US,2022-09-10 23:10:00,37.3638,-79.2897,68.72,98,100,1.01
8,Saint-Philippe,RE,2022-09-10 23:10:01,-21.3585,55.7679,67.59,71,53,9.62
9,Pauini,BR,2022-09-10 23:10:01,-7.7136,-66.9764,76.93,79,81,2.8
10,Clyde,US,2022-09-10 23:10:02,41.3042,-82.9752,78.57,65,100,12.06
11,Guerrero Negro,MX,2022-09-10 23:10:02,27.9769,-114.0611,85.91,54,14,6.51
12,Borkenes,NO,2022-09-10 23:10:02,68.774,16.1739,47.68,100,100,1.81
13,Geraldton,AU,2022-09-10 23:10:03,-28.7667,114.6,50.41,93,0,9.22
14,Lebu,CL,2022-09-10 23:08:13,-37.6167,-73.65,49.19,87,0,14.38
15,Chuy,UY,2022-09-10 23:10:03,-33.6971,-53.4616,45.39,77,0,8.39
16,Hovd,MN,2022-09-10 23:10:04,48.0056,91.6419,54.9,50,3,7.61
17,Torbay,CA,2022-09-10 23:05:31,47.6666,-52.7314,57.58,93,100,32.99
18,Cherskiy,RU,2022-09-10 23:10:04,68.75,161.3,52.0,68,97,1.95
19,Rikitea,PF,2022-09-10 23:10:05,-23.1203,-134.9692,72.79,72,4,12.28
20,Mirnyy,RU,2022-09-10 23:10:05,62.5353,113.9611,34.59,88,57,3.38
21,Daru,PG,2022-09-10 23:10:06,-9.0763,143.2092,80.42,84,76,12.35
22,Mataura,NZ,2022-09-10 23:10:06,-46.1927,168.8643,51.91,56,4,3.47
23,Lompoc,US,2022-09-10 23:10:06,34.6391,-120.4579,84.78,68,40,8.05
24,Hermanus,ZA,2022-09-10 23:10:07,-34.4187,19.2345,53.8,83,4,12.62
25,Tazovskiy,RU,2022-09-10 23:10:07,67.4667,78.7,38.03,87,100,6.98
26,Aljezur,PT,2022-09-10 23:10:08,37.3191,-8.8033,66.63,91,0,4.7
27,Vaini,TO,2022-09-10 23:10:08,-21.2,-175.2,78.96,78,75,9.22
28,Kailua,US,2022-09-10 23:10:09,21.4022,-157.7394,87.78,65,32,1.99
29,Upernavik,GL,2022-09-10 23:10:09,72.7868,-56.1549,43.03,95,100,5.93
30,Byron Bay,AU,2022-09-10 23:10:09,-28.65,153.6167,65.71,54,5,7.65
31,Middlebury,US,2022-09-10 23:07:00,44.0153,-73.1673,74.57,73,0,0.0
32,Mahebourg,MU,2022-09-10 23:10:10,-20.4081,57.7,67.24,72,3,9.86
33,Ust-Kut,RU,2022-09-10 23:10:10,56.7938,105.7672,39.72,92,13,2.89
34,Suifenhe,CN,2022-09-10 23:10:11,44.4,131.1667,62.33,73,100,2.04
35,Kapaa,US,2022-09-10 23:10:12,22.0752,-159.319,82.72,75,0,9.22
36,Haputale,LK,2022-09-10 23:10:12,6.7681,80.9595,60.57,80,88,5.37
37,Bethel,US,2022-09-10 23:10:12,41.3712,-73.414,77.31,60,0,4.61
38,Benicarlo,ES,2022-09-10 23:10:13,40.4165,0.4271,77.25,81,11,4.88
39,Saskylakh,RU,2022-09-10 23:10:13,71.9167,114.0833,33.69,97,100,13.24
40,Santa Maria,BR,2022-09-10 23:10:14,-29.6842,-53.8069,48.24,74,0,3.96
41,Hami,CN,2022-09-10 23:08:45,42.8,93.45,75.72,22,0,7.31
42,Erenhot,CN,2022-09-10 23:10:14,43.6475,111.9767,67.51,35,0,8.72
43,Isangel,VU,2022-09-10 23:10:15,-19.55,169.2667,82.51,78,40,4.61
44,Atuona,PF,2022-09-10 23:05:42,-9.8,-139.0333,77.02,73,5,19.53
45,Calama,CL,2022-09-10 23:10:16,-22.4667,-68.9333,64.89,9,0,16.11
46,Bluff,NZ,2022-09-10 23:10:16,-46.6,168.3333,47.19,72,3,3.6
47,Pemangkat,ID,2022-09-10 23:10:17,1.1667,108.9667,76.03,86,99,4.63
48,Albany,US,2022-09-10 23:10:04,42.6001,-73.9662,75.61,75,79,2.57
49,Ciechocinek,PL,2022-09-10 23:11:17,52.8791,18.7951,55.67,97,100,0.65
50,Flinders,AU,2022-09-10 23:11:18,-34.5833,150.8552,62.06,59,9,7.0
51,Thompson,CA,2022-09-10 23:07:04,55.7435,-97.8558,59.83,42,93,6.4
52,Hilo,US,2022-09-10 23:11:18,19.7297,-155.09,88.29,71,0,11.5
53,Naze,JP,2022-09-10 23:11:19,28.3667,129.4833,80.33,83,100,8.97
54,Castro,BR,2022-09-10 23:11:19,-24.7911,-50.0119,61.52,98,3,6.6
55,Inhambane,MZ,2022-09-10 23:11:19,-23.865,35.3833,67.66,88,0,10.94
56,Kidal,ML,2022-09-10 23:11:20,18.4411,1.4078,93.31,22,85,2.33
57,Kuloy,RU,2022-09-10 23:11:20,61.0305,42.4925,40.91,93,94,4.76
58,Ribeira Grande,PT,2022-09-10 23:11:21,38.5167,-28.7,73.0,72,100,26.66
59,Jamestown,US,2022-09-10 23:11:21,42.097,-79.2353,76.59,54,0,6.91
60,Ancud,CL,2022-09-10 23:11:22,-41.8697,-73.8203,49.23,88,72,4.61
61,Almaznyy,RU,2022-09-10 23:11:22,48.0448,40.045,48.27,42,74,9.93
62,Yumen,CN,2022-09-10 23:11:22,40.2833,97.2,64.06,16,0,4.29
63,Arraial Do Cabo,BR,2022-09-10 23:08:44,-22.9661,-42.0278,69.87,93,42,26.02
64,Oak Harbor,US,2022-09-10 23:08:17,48.2932,-122.6432,80.78,56,75,3.44
65,Ilulissat,GL,2022-09-10 23:09:09,69.2167,-51.1,50.02,71,100,9.22
66,Tiksi,RU,2022-09-10 23:11:23,71.6872,128.8694,37.99,88,100,7.9
67,Saint-Francois,FR,2022-09-10 23:11:24,46.4154,3.9054,53.04,94,0,3.44
68,Zhaotong,CN,2022-09-10 23:11:24,27.3167,103.7167,55.26,94,88,0.02
69,Nantucket,US,2022-09-10 23:11:25,41.2835,-70.0995,75.34,66,0,0.0
70,Punta Arenas,CL,2022-09-10 23:07:17,-53.15,-70.9167,39.31,75,0,6.91
71,Pathein,MM,2022-09-10 23:11:25,16.7833,94.7333,75.78,94,100,3.78
72,Saint Johnsbury,US,2022-09-10 23:11:26,44.4192,-72.0151,74.77,90,25,0.89
73,Ust-Ishim,RU,2022-09-10 23:11:26,57.6935,71.1665,36.59,96,78,3.89
74,Dikson,RU,2022-09-10 23:11:27,73.5069,80.5464,36.32,77,99,8.12
75,Nikolskoye,RU,2022-09-10 23:11:27,59.7035,30.7861,42.69,82,7,3.33
76,Magadan,RU,2022-09-10 23:11:28,59.5667,150.8,52.54,75,1,2.19
77,Norman Wells,CA,2022-09-10 23:11:28,65.282,-126.8329,56.55,51,100,19.13
78,Ushuaia,AR,2022-09-10 23:11:28,-54.8,-68.3,42.46,52,0,2.3
79,Santa Cruz,BO,2022-09-10 23:08:25,-17.8,-63.1667,75.25,29,75,4.61
80,Carnarvon,AU,2022-09-10 23:11:29,-24.8667,113.6333,63.43,62,0,8.12
81,Airai,TL,2022-09-10 23:11:29,-8.9266,125.4092,64.4,54,64,2.1
82,Tacuarembo,UY,2022-09-10 23:08:26,-31.7333,-55.9833,45.84,77,0,3.71
83,Pervomayskoye,RU,2022-09-10 23:11:30,43.919,46.7102,58.35,55,32,9.24
84,Fairlie,GB,2022-09-10 23:11:30,55.756,-4.8556,54.48,89,79,5.59
85,Vila Franca Do Campo,PT,2022-09-10 23:11:31,37.7167,-25.4333,72.01,85,100,14.85
86,Shimoda,JP,2022-09-10 23:11:31,34.6667,138.95,71.1,71,10,18.57
87,Gillette,US,2022-09-10 23:11:24,44.2911,-105.5022,63.81,44,0,9.22
88,Dagda,LV,2022-09-10 23:11:32,56.0951,27.5372,43.47,67,96,7.11
89,Opuwo,NA,2022-09-10 23:11:32,-18.0607,13.84,68.9,28,0,4.03
90,Samarai,PG,2022-09-10 23:11:33,-10.6167,150.6667,80.15,83,18,9.78
91,Joshimath,IN,2022-09-10 23:11:33,30.5667,79.5667,68.22,87,94,1.28
92,Mecca,SA,2022-09-10 23:11:33,21.4267,39.8261,90.07,38,57,3.42
93,Marakkanam,IN,2022-09-10 23:11:34,12.2,79.95,81.25,72,100,9.37
94,Emerald,AU,2022-09-10 23:11:34,-23.5333,148.1667,66.34,53,39,13.71
95,Kalmar,SE,2022-09-10 23:11:35,56.6616,16.3616,56.14,93,20,3.44
96,Zhigansk,RU,2022-09-10 23:11:35,66.7697,123.3711,36.57,86,100,12.28
97,Cape Town,ZA,2022-09-10 23:11:56,-33.9258,18.4232,60.39,87,19,1.99
98,Kudahuvadhoo,MV,2022-09-10 23:12:36,2.6708,72.8944,81.3,77,61,13.35
99,Faanui,PF,2022-09-10 23:12:36,-16.4833,-151.75,78.55,73,4,18.52
100,Avarua,CK,2022-09-10 23:12:36,-21.2078,-159.775,80.65,78,20,18.41
101,Mount Darwin,ZW,2022-09-10 23:12:37,-16.7725,31.5838,58.95,54,0,2.73
102,Porto Novo,BJ,2022-09-10 23:12:37,6.4965,2.6036,76.68,82,97,6.13
103,Port Elizabeth,ZA,2022-09-10 23:10:44,-33.918,25.5701,59.31,93,20,20.71
104,Saldanha,ZA,2022-09-10 23:12:38,-33.0117,17.9442,55.99,88,27,6.55
105,Kutum,SD,2022-09-10 23:12:38,14.2,24.6667,78.85,35,37,8.52
106,Tabuk,PH,2022-09-10 23:12:39,17.4189,121.4443,75.43,89,84,3.09
107,Muros,ES,2022-09-10 23:12:39,42.7762,-9.0603,63.09,92,7,5.5
108,Puerto Escondido,MX,2022-09-10 23:12:39,15.85,-97.0667,99.43,36,75,4.61
109,Mokhsogollokh,RU,2022-09-10 23:12:40,61.4681,128.9203,40.57,81,60,8.23
110,Westport,US,2022-09-10 23:12:40,41.1415,-73.3579,78.21,61,24,3.0
111,Lahad Datu,MY,2022-09-10 23:12:41,5.0268,118.327,75.54,93,97,3.09
112,Ambovombe,MG,2022-09-10 23:12:41,-25.1667,46.0833,67.42,75,0,4.9
113,Verkhnyaya Inta,RU,2022-09-10 23:12:41,65.9811,60.3094,39.81,93,99,11.59
114,Srednekolymsk,RU,2022-09-10 23:12:42,67.45,153.6833,42.8,94,100,4.68
115,Yairipok,IN,2022-09-10 23:12:42,24.6667,94.0667,66.74,98,90,0.56
116,Klaksvik,FO,2022-09-10 23:12:43,62.2266,-6.589,52.72,90,61,19.19
117,Butaritari,KI,2022-09-10 23:12:43,3.0707,172.7902,81.18,73,3,11.3
118,Luau,AO,2022-09-10 23:12:43,-10.7073,22.2247,69.53,28,4,4.88
119,Bengkulu,ID,2022-09-10 23:12:44,-3.8004,102.2655,73.62,84,66,3.6
120,Camacupa,AO,2022-09-10 23:12:44,-12.0167,17.4833,65.62,27,12,3.53
121,Dosso,NE,2022-09-10 23:12:44,13.049,3.1937,78.66,74,94,7.38
122,Lagoa,PT,2022-09-10 23:12:45,39.05,-27.9833,71.78,75,100,29.57
123,Harindanga,IN,2022-09-10 23:12:45,22.0383,88.3214,79.25,90,100,12.17
124,Usogorsk,RU,2022-09-10 23:12:46,63.4106,48.6872,44.47,97,100,3.8
125,Soure,BR,2022-09-10 23:11:43,-0.7167,-48.5233,80.06,80,63,12.08
126,Pisco,PE,2022-09-10 23:12:46,-13.7,-76.2167,63.01,72,0,17.27
127,Ciudad Bolivar,VE,2022-09-10 23:12:47,8.1222,-63.5497,83.41,62,58,8.19
128,Tuktoyaktuk,CA,2022-09-10 23:12:47,69.4541,-133.0374,41.0,81,100,9.22
129,Olinda,BR,2022-09-10 23:12:48,-8.0089,-34.8553,73.13,83,75,11.5
130,Karratha,AU,2022-09-10 23:12:48,-20.7377,116.8463,70.23,45,0,9.13
131,Mezen,RU,2022-09-10 23:12:49,65.8522,44.24,41.36,97,48,5.68
132,Mehtar Lam,AF,2022-09-10 23:12:49,34.6714,70.2094,80.65,66,0,0.87
133,Abu Samrah,SY,2022-09-10 23:12:50,35.3029,37.1841,76.86,36,0,6.31
134,Yellowknife,CA,2022-09-10 23:08:15,62.456,-114.3525,54.41,65,40,22.17
135,Port Blair,IN,2022-09-10 23:10:38,11.6667,92.75,80.47,82,64,12.48
136,Hobart,AU,2022-09-10 23:12:50,-42.8794,147.3294,51.66,78,75,8.05
137,Teknaf,BD,2022-09-10 23:12:51,20.8624,92.3058,76.12,95,100,7.05
138,Rabo De Peixe,PT,2022-09-10 23:12:51,37.8,-25.5833,71.11,87,40,13.8
139,Pevek,RU,2022-09-10 23:12:52,69.7008,170.3133,40.98,82,84,3.91
140,Ozinki,RU,2022-09-10 23:12:52,51.1786,49.6769,48.13,75,64,9.57
141,New Norfolk,AU,2022-09-10 23:13:53,-42.7826,147.0587,51.3,77,99,5.99
142,Juneau,US,2022-09-10 23:13:53,58.3019,-134.4197,56.21,81,75,6.91
143,Acajutla,SV,2022-09-10 23:13:53,13.5928,-89.8275,80.71,85,65,6.62
144,Fortuna,US,2022-09-10 23:13:54,40.5982,-124.1573,80.92,54,85,3.0
145,Yaan,NG,2022-09-10 23:13:54,7.3833,8.5667,71.04,97,99,4.43
146,Masaki,JP,2022-09-10 23:13:55,33.7876,132.7112,78.49,100,75,2.3
147,Yanam,IN,2022-09-10 23:13:55,16.7333,82.2167,75.25,96,100,5.37
148,Meadow Lake,US,2022-09-10 23:13:56,34.8014,-106.5436,88.29,28,99,6.13
149,Erzin,TR,2022-09-10 23:13:57,36.9559,36.2,73.54,69,0,2.15
150,Pochutla,MX,2022-09-10 23:13:57,15.7432,-96.4661,82.81,66,85,6.93
151,Chokurdakh,RU,2022-09-10 23:13:57,70.6333,147.9167,41.05,88,100,4.54
152,Constitucion,CL,2022-09-10 23:13:58,-35.3333,-72.4167,48.99,78,0,2.39
153,Amahai,ID,2022-09-10 23:13:58,-3.3333,128.9167,77.76,84,100,2.19
154,Hirado,JP,2022-09-10 23:13:59,33.3597,129.5531,81.39,86,70,14.05
155,Cervo,ES,2022-09-10 23:13:59,43.6702,-7.4101,62.96,80,0,3.15
156,Korla,CN,2022-09-10 23:13:59,41.7597,86.1469,76.21,22,1,11.86
157,De Aar,ZA,2022-09-10 23:14:00,-30.6497,24.0123,57.6,49,65,6.69
158,Pachino,IT,2022-09-10 23:14:00,36.7186,15.0907,78.8,70,0,4.36
159,Da Lat,VN,2022-09-10 23:14:01,11.9465,108.4419,57.2,93,80,1.28
160,Basco,PH,2022-09-10 23:14:01,20.4487,121.9702,82.13,78,100,22.41
161,Kahului,US,2022-09-10 23:14:02,20.8947,-156.47,89.62,63,40,24.16
162,College,US,2022-09-10 23:14:02,64.8569,-147.8028,52.12,77,75,16.11
163,Salalah,OM,2022-09-10 23:14:02,17.0151,54.0924,78.89,89,75,4.61
164,Batsfjord,NO,2022-09-10 23:14:03,70.6345,29.7185,46.33,93,100,11.5
165,Dinhata,IN,2022-09-10 23:14:03,26.1333,89.4667,79.27,88,90,3.42
166,Namibe,AO,2022-09-10 23:14:04,-15.1961,12.1522,64.89,92,65,4.79
167,Caravelas,BR,2022-09-10 23:14:04,-17.7125,-39.2481,71.42,73,5,9.73
168,Khatanga,RU,2022-09-10 23:14:05,71.9667,102.5,30.51,95,100,8.14
169,Sao Felix Do Xingu,BR,2022-09-10 23:14:05,-6.6447,-51.995,82.62,30,2,0.58
170,Port-Gentil,GA,2022-09-10 23:14:05,-0.7193,8.7815,75.51,88,100,13.94
171,Bonavista,CA,2022-09-10 23:14:06,48.6499,-53.1147,56.77,84,100,30.24
172,Pedernales,DO,2022-09-10 23:14:06,18.0384,-71.744,84.51,73,85,9.48
173,Ankang,CN,2022-09-10 23:14:07,32.68,109.0172,65.03,92,0,1.1
174,Tromso,NO,2022-09-10 23:14:07,69.6496,18.957,48.22,87,75,8.05
175,Vestmannaeyjar,IS,2022-09-10 23:14:08,63.4427,-20.2734,53.1,90,100,11.05
176,Port Shepstone,ZA,2022-09-10 23:14:08,-30.7414,30.455,66.49,90,2,16.35
177,Bardiyah,LY,2022-09-10 23:14:08,31.7561,25.0865,77.04,82,0,12.15
178,Cidreira,BR,2022-09-10 23:14:09,-30.1811,-50.2056,53.56,65,0,10.69
179,Nemuro,JP,2022-09-10 23:14:09,43.3236,145.575,62.38,67,0,5.1
180,Hailar,CN,2022-09-10 23:14:10,49.2,119.7,63.25,39,70,4.05
181,Iqaluit,CA,2022-09-10 23:14:10,63.7506,-68.5145,42.53,93,100,12.66
182,Henties Bay,NA,2022-09-10 23:14:10,-22.116,14.2845,55.98,91,1,5.75
183,President Roxas,PH,2022-09-10 23:14:11,7.1544,125.0558,75.58,89,100,1.03
184,Luderitz,NA,2022-09-10 23:14:11,-26.6481,15.1594,59.41,69,27,14.7
185,Poronaysk,RU,2022-09-10 23:15:12,49.2167,143.1167,63.81,57,0,3.31
186,San Patricio,US,2022-09-10 23:15:12,28.017,-97.5169,91.35,49,22,12.57
187,Qaanaaq,GL,2022-09-10 23:15:13,77.484,-69.3632,36.88,98,100,8.37
188,Ternate,ID,2022-09-10 23:15:13,0.8,127.4,79.45,80,97,4.23
189,Vao,NC,2022-09-10 23:15:14,-22.6667,167.4833,73.58,82,2,5.59
190,Vanimo,PG,2022-09-10 23:15:14,-2.6741,141.3028,79.56,85,100,3.15
191,Lorengau,PG,2022-09-10 23:15:14,-2.0226,147.2712,81.64,80,50,9.28
192,Tottori,JP,2022-09-10 23:11:04,35.5,134.2333,77.0,79,99,1.01
193,Misratah,LY,2022-09-10 23:15:15,32.3754,15.0925,81.46,57,1,10.98
194,Bilma,NE,2022-09-10 23:15:16,18.6853,12.9164,90.28,15,13,5.17
195,Kargasok,RU,2022-09-10 23:15:16,59.0556,80.8572,43.41,98,100,5.03
196,Bambous Virieux,MU,2022-09-10 23:15:17,-20.3428,57.7575,70.05,78,40,9.22
197,Port Hardy,CA,2022-09-10 23:15:17,50.6996,-127.4199,62.78,72,20,5.75
198,Chandbali,IN,2022-09-10 23:15:17,20.7833,86.7667,78.98,92,100,11.3
199,Ibra,OM,2022-09-10 23:15:18,22.6906,58.5334,80.44,53,95,2.93
200,Dabola,GN,2022-09-10 23:15:18,10.75,-11.1167,68.59,97,96,1.7
201,Padang,ID,2022-09-10 23:15:19,-0.9492,100.3543,76.68,87,100,3.24
202,Kruisfontein,ZA,2022-09-10 23:15:19,-34.0033,24.7314,55.92,72,57,15.86
203,Tasiilaq,GL,2022-09-10 23:15:20,65.6145,-37.6368,39.36,79,8,1.83
204,Cascais,PT,2022-09-10 23:15:20,38.6979,-9.4215,70.93,72,0,8.99
205,Charcas,MX,2022-09-10 23:15:21,23.1333,-101.1167,71.89,45,100,6.22
206,Tukrah,LY,2022-09-10 23:15:21,32.5341,20.5791,77.16,70,0,3.06
207,Keetmanshoop,NA,2022-09-10 23:15:22,-26.5833,18.1333,68.88,14,20,2.89
208,Laukaa,RU,2022-09-10 23:15:22,58.7372,29.8453,41.86,79,66,3.6
209,Port Alfred,ZA,2022-09-10 23:15:22,-33.5906,26.891,61.18,94,99,5.01
210,Portland,US,2022-09-10 23:13:44,45.5234,-122.6762,94.35,12,100,19.57
211,Auki,SB,2022-09-10 23:15:23,-8.7676,160.7034,82.89,68,15,2.57
212,Kaitangata,NZ,2022-09-10 23:15:24,-46.2817,169.8464,51.94,64,4,5.23
213,Suba,PH,2022-09-10 23:15:24,10.8438,121.0102,82.56,73,87,3.51
214,Bronnoysund,NO,2022-09-10 23:15:24,65.4625,12.1997,46.4,93,75,3.44
215,Port Keats,AU,2022-09-10 23:11:07,-14.25,129.55,81.1,68,19,5.59
216,Dubuque,US,2022-09-10 23:12:25,42.4833,-90.8668,64.62,81,100,18.41
217,Syracuse,IT,2022-09-10 23:15:25,37.0881,15.2792,78.39,70,0,2.01
218,Hambantota,LK,2022-09-10 23:15:26,6.1241,81.1185,77.88,83,96,16.13
219,Laguna,US,2022-09-10 23:15:26,38.421,-121.4238,88.32,46,0,20.71
220,Inta,RU,2022-09-10 23:15:27,66.0317,60.1659,40.15,93,100,11.9
221,Yulara,AU,2022-09-10 23:15:27,-25.2406,130.9889,57.52,68,31,16.26
222,Manokwari,ID,2022-09-10 23:15:28,-0.8667,134.0833,80.2,70,98,0.83
223,Shingu,JP,2022-09-10 23:15:28,33.7333,135.9833,79.43,73,81,6.62
224,Dembi Dolo,ET,2022-09-10 23:15:28,8.5333,34.8,57.02,89,95,3.24
225,San Carlos,VE,2022-09-10 23:12:04,9.6612,-68.5827,76.53,88,74,1.23
226,Mercedes,AR,2022-09-10 23:15:29,-34.6515,-59.4307,58.03,38,0,5.61
227,Wanning,CN,2022-09-10 23:15:30,18.8003,110.3967,76.75,87,10,3.65
228,Katherine,AU,2022-09-10 23:15:30,-14.4667,132.2667,80.92,74,75,5.75
229,Alofi,NU,2022-09-10 23:15:30,-19.0595,-169.9187,82.29,61,54,12.66
230,Codrington,AU,2022-09-10 23:16:31,-38.2667,141.9667,50.59,85,100,12.86
231,Vila Velha,BR,2022-09-10 23:16:31,-20.3297,-40.2925,75.15,65,0,19.57
232,Alice Springs,AU,2022-09-10 23:12:10,-23.7,133.8833,57.22,26,100,4.61
233,Snezhnogorsk,RU,2022-09-10 23:16:32,69.1933,33.2531,44.38,84,99,10.96
234,Harvard,US,2022-09-10 23:14:55,42.4222,-88.6137,81.68,60,1,4.03
235,Durazno,UY,2022-09-10 23:16:32,-33.4131,-56.5006,45.73,57,0,6.62
236,Barrow,US,2022-09-10 23:16:33,71.2906,-156.7887,37.42,93,100,16.11
237,Scarborough,GB,2022-09-10 23:12:10,54.2797,-0.4044,58.78,90,13,6.62
238,Rio Grande,BR,2022-09-10 23:16:33,-32.035,-52.0986,50.11,70,0,10.22
239,Turan,VN,2022-09-10 23:16:32,16.0678,108.2208,76.98,94,20,1.14
240,Luwuk,ID,2022-09-10 23:16:34,-0.9516,122.7875,76.93,79,100,2.71
241,Ponta Do Sol,PT,2022-09-10 23:16:34,32.6667,-17.1,77.0,82,97,5.14
242,Port Lincoln,AU,2022-09-10 23:13:30,-34.7333,135.8667,51.78,76,86,6.08
243,Znamenskoye,RU,2022-09-10 23:16:35,57.1281,73.8282,38.43,97,60,4.59
244,Leningradskiy,RU,2022-09-10 23:16:35,69.3833,178.4167,40.24,81,79,11.68
245,Bandarbeyla,SO,2022-09-10 23:16:36,9.4942,50.8122,78.44,77,47,20.09
246,Henderson,US,2022-09-10 23:16:36,36.0397,-114.9819,85.82,52,75,21.85
247,Kodiak,US,2022-09-10 23:16:37,57.79,-152.4072,56.71,77,100,4.61
248,Am Timan,TD,2022-09-10 23:16:37,11.0297,20.2827,72.37,94,91,4.88
249,Port Macquarie,AU,2022-09-10 23:16:37,-31.4333,152.9167,67.89,57,16,9.17
250,Sao Filipe,CV,2022-09-10 23:16:38,14.8961,-24.4956,79.47,83,48,4.88
251,Ornskoldsvik,SE,2022-09-10 23:16:38,63.2909,18.7153,49.15,93,100,0.0
252,Andra,RU,2022-09-10 23:16:39,62.5147,65.8878,36.23,95,71,4.54
253,Llanes,ES,2022-09-10 23:16:39,43.4198,-4.7549,71.11,71,1,6.89
254,Husavik,IS,2022-09-10 23:16:39,66.0449,-17.3389,48.92,98,100,9.93
255,Khasan,RU,2022-09-10 23:16:40,42.4308,130.6434,63.66,85,99,3.24
256,Diapaga,BF,2022-09-10 23:16:40,12.0708,1.7889,75.33,89,93,4.29
257,Margate,GB,2022-09-10 23:16:41,51.3813,1.3862,62.69,94,10,1.99
258,Bubaque,GW,2022-09-10 23:16:41,11.2833,-15.8333,80.62,81,97,10.25
259,Kinsale,IE,2022-09-10 23:16:41,51.7075,-8.5306,61.23,94,75,11.5
260,Souillac,MU,2022-09-10 23:16:42,-20.5167,57.5167,70.18,78,40,9.22
261,East London,ZA,2022-09-10 23:16:42,-33.0153,27.9116,67.77,72,98,4.07
262,Katsuura,JP,2022-09-10 23:16:43,35.1333,140.3,74.5,85,100,20.8
263,Ondangwa,NA,2022-09-10 23:16:43,-17.9167,15.95,70.79,17,0,9.33
264,Balakhta,RU,2022-09-10 23:16:43,55.38,91.6,43.27,74,100,2.35
265,Suleja,NG,2022-09-10 23:16:44,9.1758,7.1808,68.22,99,99,1.9
266,Liuzhou,CN,2022-09-10 23:16:45,24.3126,109.3892,76.73,87,99,1.88
267,Milkovo,RU,2022-09-10 23:16:45,54.7167,158.6167,59.52,49,64,7.43
268,San Quintin,MX,2022-09-10 23:16:45,30.4833,-115.95,77.79,72,62,13.02
269,Komsomolskiy,UZ,2022-09-10 23:16:46,40.4272,71.7189,79.52,27,68,2.3
270,Karagaylinskiy,RU,2022-09-10 23:16:46,54.172,86.5521,37.35,61,57,5.1
271,Nsanje,MW,2022-09-10 23:16:46,-16.92,35.262,72.59,69,0,6.11
272,Antananarivo,MG,2022-09-10 23:13:20,-18.9137,47.5361,51.76,100,20,5.75
273,Banda Aceh,ID,2022-09-10 23:16:47,5.5577,95.3222,79.14,79,100,9.62
274,Najran,SA,2022-09-10 23:16:47,17.4924,44.1277,75.85,28,91,1.07
275,Palu,ID,2022-09-10 23:16:48,-0.8917,119.8707,75.42,96,91,1.28
276,Menongue,AO,2022-09-10 23:16:48,-14.6585,17.691,62.02,23,19,5.55
277,Kununurra,AU,2022-09-10 23:16:49,-15.7667,128.7333,80.58,69,0,2.3
278,Kavieng,PG,2022-09-10 23:17:49,-2.5744,150.7967,82.29,77,40,13.69
279,Netrakona,BD,2022-09-10 23:17:50,24.8833,90.7167,77.97,91,93,7.14
280,Taltal,CL,2022-09-10 23:17:51,-25.4,-70.4833,56.17,74,65,3.4
281,Aripuana,BR,2022-09-10 23:17:51,-9.1667,-60.6333,87.78,38,93,1.9
282,Poltava,UA,2022-09-10 23:17:52,49.5937,34.5407,58.55,29,100,14.47
283,Saint-Augustin,CA,2022-09-10 23:17:52,51.226,-58.6502,57.25,78,0,9.17
284,Arcachon,FR,2022-09-10 23:17:53,44.5875,-1.0519,68.32,72,0,5.75
285,Barreirinhas,BR,2022-09-10 23:17:53,-2.7469,-42.8264,78.19,80,5,7.7
286,Chumikan,RU,2022-09-10 23:17:54,54.7183,135.315,48.79,90,100,5.93
287,Marsa Matruh,EG,2022-09-10 23:17:54,31.3525,27.2453,77.07,70,0,8.66
288,Aksarka,RU,2022-09-10 23:17:54,66.5606,67.7975,37.4,87,98,3.85
289,Skjervoy,NO,2022-09-10 23:17:55,70.0311,20.9714,46.4,88,100,6.35
290,Santa Maria Da Boa Vista,BR,2022-09-10 23:17:55,-8.8078,-39.8256,80.33,53,32,21.54
291,Cayenne,GF,2022-09-10 23:17:56,4.9333,-52.3333,80.64,83,0,3.44
292,Meulaboh,ID,2022-09-10 23:17:56,4.1363,96.1285,75.2,88,78,4.12
293,Dayong,CN,2022-09-10 23:17:56,25.0209,118.2898,74.68,84,30,2.53
294,Hirara,JP,2022-09-10 23:17:57,24.8,125.2833,84.06,89,75,17.27
295,Baykit,RU,2022-09-10 23:17:57,61.67,96.37,44.19,99,100,4.29
296,Sydney,AU,2022-09-10 23:13:35,-33.8679,151.2073,62.37,53,75,14.97
297,Silver City,US,2022-09-10 23:17:58,32.7701,-108.2803,84.92,34,0,11.5
298,Grindavik,IS,2022-09-10 23:17:58,63.8424,-22.4338,51.75,93,75,12.66
299,Provideniya,RU,2022-09-10 23:17:59,64.3833,-173.3,46.74,69,19,6.06
300,Ambon,ID,2022-09-10 23:17:59,-3.6954,128.1814,77.23,15,20,3.44
301,Mayo,US,2022-09-10 23:18:00,38.8876,-76.5119,79.21,78,0,3.44
302,Tifton,US,2022-09-10 23:18:00,31.4505,-83.5085,78.76,83,100,0.0
303,Hasaki,JP,2022-09-10 23:18:00,35.7333,140.8333,73.8,84,100,22.77
304,Cabinda,AO,2022-09-10 23:18:01,-5.55,12.2,73.78,87,64,8.75
305,Tuatapere,NZ,2022-09-10 23:18:01,-46.1333,167.6833,51.03,61,2,3.76
306,Te Anau,NZ,2022-09-10 23:18:02,-45.4167,167.7167,47.93,60,14,0.69
307,Loubomo,CG,2022-09-10 23:18:02,-4.1997,12.6739,71.37,85,45,5.73
308,Plettenberg Bay,ZA,2022-09-10 23:18:03,-34.0527,23.3716,56.37,75,28,9.33
309,Xixiang,CN,2022-09-10 23:18:03,35.1628,112.865,66.79,71,2,4.59
310,Nadbai,IN,2022-09-10 23:18:03,27.2333,77.2,85.08,61,35,4.76
311,Boali,CF,2022-09-10 23:18:04,4.8005,18.1275,71.26,96,100,3.74
312,Gola Gokarannath,IN,2022-09-10 23:18:04,28.0833,80.4667,79.05,74,0,6.02
313,Cofradia,HN,2022-09-10 23:18:05,15.4,-88.15,85.08,92,71,4.07
314,Namatanai,PG,2022-09-10 23:18:05,-3.6667,152.4333,84.29,62,71,12.8
315,Clyde River,CA,2022-09-10 23:18:06,70.4692,-68.5914,39.43,93,100,3.44
316,Charala,CO,2022-09-10 23:18:06,6.2858,-73.1472,67.26,93,84,2.01
317,Mount Isa,AU,2022-09-10 23:18:07,-20.7333,139.5,74.97,23,5,16.11
318,Asau,RO,2022-09-10 23:18:07,46.4333,26.4,60.28,92,100,5.48
319,Boende,CD,2022-09-10 23:18:08,-0.2167,20.8667,72.01,92,56,2.71
320,Olafsvik,IS,2022-09-10 23:18:08,64.8945,-23.7142,49.17,84,69,15.75
321,San Borja,BO,2022-09-10 23:18:08,-14.8167,-66.85,81.45,35,34,3.89
322,Hithadhoo,MV,2022-09-10 23:19:09,-0.6,73.0833,81.25,73,51,13.67
323,Vardo,NO,2022-09-10 23:19:09,70.3705,31.1107,48.18,81,100,10.36
324,Cabo San Lucas,MX,2022-09-10 23:14:28,22.8909,-109.9124,88.61,74,20,9.22
325,Ripoll,ES,2022-09-10 23:19:10,42.2006,2.1903,67.42,86,15,1.01
326,Coquimbo,CL,2022-09-10 23:18:31,-29.9533,-71.3436,55.13,76,100,5.75
327,Kupang,ID,2022-09-10 23:19:10,-10.1667,123.5833,78.19,77,35,6.51
328,Sioux Lookout,CA,2022-09-10 23:19:11,50.1001,-91.917,59.07,67,40,2.3
329,Takoradi,GH,2022-09-10 23:19:11,4.8845,-1.7554,73.76,90,60,8.32
330,Usinsk,RU,2022-09-10 23:19:12,65.9939,57.5281,41.59,93,100,9.01
331,Kalemie,CD,2022-09-10 23:19:12,-5.9475,29.1947,72.61,55,24,5.84
332,Esperance,AU,2022-09-10 23:19:12,-33.8667,121.9,51.75,88,95,7.83
333,Tiarei,PF,2022-09-10 23:19:13,-17.5333,-149.3333,82.42,68,5,19.17
334,Zhanaozen,KZ,2022-09-10 23:19:13,43.3,52.8,53.96,55,0,7.23
335,Kastoria,GR,2022-09-10 23:19:14,40.5167,21.2667,66.33,71,0,4.34
336,Venice,US,2022-09-10 23:14:30,27.0998,-82.4543,84.97,76,0,0.0
337,North Battleford,CA,2022-09-10 23:18:01,52.7834,-108.2847,77.09,20,0,16.11
338,Mount Gambier,AU,2022-09-10 23:19:14,-37.8333,140.7667,49.73,88,100,8.86
339,Lazaro Cardenas,MX,2022-09-10 23:19:15,17.9583,-102.2,82.54,82,100,12.93
340,Paragominas,BR,2022-09-10 23:19:15,-2.9667,-47.4833,83.19,45,77,5.75
341,Monteagudo,BO,2022-09-10 23:19:16,-19.8167,-63.9833,60.64,37,2,2.53
342,Camacha,PT,2022-09-10 23:19:16,33.0833,-16.3333,72.82,88,20,11.5
343,Manzanillo,CU,2022-09-10 23:19:16,20.3433,-77.1167,84.79,68,31,5.97
344,Half Moon Bay,US,2022-09-10 23:14:59,37.4636,-122.4286,83.41,70,0,11.5
345,Longyearbyen,SJ,2022-09-10 23:19:17,78.2186,15.6401,33.64,69,40,11.5
346,Nanortalik,GL,2022-09-10 23:19:18,60.1432,-45.2371,44.38,75,32,8.99
347,Hervey Bay,AU,2022-09-10 23:19:18,-25.2986,152.8535,65.53,50,77,9.06
348,Guarapari,BR,2022-09-10 23:19:19,-20.6667,-40.4975,74.89,74,9,17.11
349,Sijunjung,ID,2022-09-10 23:19:19,-0.6876,100.9537,69.87,95,100,1.9
350,Makakilo City,US,2022-09-10 23:18:44,21.3469,-158.0858,86.32,57,20,14.97
351,Ballina,AU,2022-09-10 23:19:20,-28.8667,153.5667,65.79,64,3,6.4
352,Maymyo,MM,2022-09-10 23:19:20,22.0333,96.4667,66.02,99,100,1.9
353,Saint-Joseph,RE,2022-09-10 23:19:21,-21.3667,55.6167,64.78,72,54,7.18
354,Sokolo,ML,2022-09-10 23:19:21,14.7328,-6.1219,80.64,71,83,8.43
355,Sur,OM,2022-09-10 23:19:21,22.5667,59.5289,85.23,58,94,8.59
356,Orikum,AL,2022-09-10 23:19:22,40.3253,19.4714,77.81,67,17,2.06
357,Kilindoni,TZ,2022-09-10 23:19:22,-7.9139,39.6668,74.71,81,6,8.14
358,Jurm,AF,2022-09-10 23:19:23,36.8648,70.8342,62.58,35,0,1.97
359,Clarence Town,AU,2022-09-10 23:19:23,-32.5833,151.7833,62.15,58,2,10.87
360,Alvaraes,BR,2022-09-10 23:19:23,-3.2208,-64.8042,85.87,74,34,2.17
361,Nabisar,PK,2022-09-10 23:19:24,25.0685,69.6419,89.44,59,97,10.11
362,Tinskoy,RU,2022-09-10 23:19:24,56.1525,96.9161,42.75,89,100,3.24
363,Cabra,ES,2022-09-10 23:19:25,37.4725,-4.4421,76.41,40,23,3.58
364,Palmer,US,2022-09-10 23:19:25,42.1584,-72.3287,76.24,75,75,0.0
365,Hofn,IS,2022-09-10 23:19:25,64.2539,-15.2082,51.51,93,100,13.89
366,Hvolsvollur,IS,2022-09-10 23:19:26,63.7533,-20.2243,52.57,89,100,11.52
367,Minot,US,2022-09-10 23:18:38,48.2325,-101.2963,70.02,26,0,13.8
368,Ust-Nera,RU,2022-09-10 23:19:26,64.5667,143.2,37.17,83,99,8.9
369,Mandurah,AU,2022-09-10 23:19:27,-32.55,115.7,48.9,81,2,5.32
370,Zhoucheng,CN,2022-09-10 23:20:27,35.9122,116.3117,67.89,74,64,1.95
371,Challapata,BO,2022-09-10 23:20:23,-18.9,-66.7667,55.87,33,21,7.34
372,Talnakh,RU,2022-09-10 23:20:28,69.4865,88.3972,36.21,99,100,9.28
373,Fengrun,CN,2022-09-10 23:20:28,39.8333,118.1167,65.41,85,6,3.65
374,Saint Anthony,US,2022-09-10 23:20:29,45.0205,-93.218,71.38,45,0,11.5
375,Kedougou,SN,2022-09-10 23:20:29,12.5579,-12.1743,72.23,94,99,0.87
376,Aykhal,RU,2022-09-10 23:20:29,66.0,111.5,30.52,90,89,7.0
377,Delmas,HT,2022-09-10 23:20:30,18.5447,-72.3028,84.92,70,92,5.75
378,Grand Island,US,2022-09-10 23:19:54,40.925,-98.342,67.01,50,0,6.91
379,Kropotkin,RU,2022-09-10 23:20:30,45.4375,40.5756,58.39,35,46,16.44
380,Guhagar,IN,2022-09-10 23:19:19,17.4842,73.1929,76.5,95,100,8.32
381,Road Town,VG,2022-09-10 23:20:31,18.4167,-64.6167,82.49,74,97,12.24
382,Brae,GB,2022-09-10 23:20:31,60.3964,-1.353,49.96,83,48,2.04
383,Kurilsk,RU,2022-09-10 23:20:32,45.2333,147.8833,60.96,62,0,4.03
384,Hastings,GB,2022-09-10 23:15:42,50.8552,0.5729,62.78,89,74,6.15
385,Chanika,TZ,2022-09-10 23:20:32,-5.4167,38.0167,63.5,96,58,2.71
386,Port Hueneme,US,2022-09-10 23:20:33,34.1478,-119.1951,88.88,66,100,18.41
387,Santona,ES,2022-09-10 23:20:33,43.4439,-3.4576,70.07,77,3,6.22
388,Lakes Entrance,AU,2022-09-10 23:20:34,-37.8811,147.981,58.15,53,29,15.9
389,Hermiston,US,2022-09-10 23:20:34,45.8404,-119.2895,89.82,23,0,9.22
390,Balkanabat,TM,2022-09-10 23:20:34,39.5108,54.3671,70.95,25,0,2.17
391,Kesova Gora,RU,2022-09-10 23:20:35,57.5836,37.2922,40.77,73,31,3.89
392,Broome,US,2022-09-10 23:20:35,42.2506,-75.833,74.7,68,0,4.61
393,Verkhnevilyuysk,RU,2022-09-10 23:20:36,63.4453,120.3167,34.7,82,19,6.73
394,Puerto Baquerizo Moreno,EC,2022-09-10 23:20:10,-0.9,-89.6,67.55,78,58,13.35
395,Yerbogachen,RU,2022-09-10 23:20:36,61.2767,108.0108,37.49,96,88,4.81
396,North Bend,US,2022-09-10 23:20:37,43.4065,-124.2243,88.25,79,0,13.8
397,Uruzgan,AF,2022-09-10 23:20:37,32.8333,66.0,71.76,19,0,3.04
398,Zheleznodorozhnyy,RU,2022-09-10 23:20:37,55.7503,38.0042,45.12,61,33,4.05
399,Xiuyan,CN,2022-09-10 23:20:38,40.2928,123.2744,65.32,82,8,1.86
400,Kirishi,RU,2022-09-10 23:20:38,59.4471,32.0205,41.23,81,7,2.66
401,La Macarena,CO,2022-09-10 23:20:39,2.1837,-73.7849,71.04,99,100,2.19
402,Eirunepe,BR,2022-09-10 23:20:39,-6.6603,-69.8736,74.41,95,73,1.52
403,Lamu,KE,2022-09-10 23:20:39,-2.2717,40.902,73.62,86,9,15.05
404,San Mateo Del Mar,MX,2022-09-10 23:20:40,16.2,-95.0,83.5,71,97,6.22
405,Shetpe,KZ,2022-09-10 23:20:40,44.1667,52.1167,53.89,55,1,2.42
406,Sakakah,SA,2022-09-10 23:16:56,29.9697,40.2064,89.17,14,0,7.25
407,Rodino,RU,2022-09-10 23:20:41,52.5,80.25,54.05,32,100,8.68
408,Kholodnyy,RU,2022-09-10 23:20:41,62.7167,147.95,45.5,57,20,8.48
409,Inyonga,TZ,2022-09-10 23:20:42,-6.7167,32.0667,69.46,45,17,1.63
410,Chernyshevskiy,RU,2022-09-10 23:20:42,63.0128,112.4714,33.51,84,89,2.8
411,Acari,PE,2022-09-10 23:20:42,-15.4311,-74.6158,64.98,72,42,6.44
412,Andreapol,RU,2022-09-10 23:20:43,56.6513,32.2664,40.23,74,57,5.46
413,Port Augusta,AU,2022-09-10 23:20:43,-32.5,137.7667,55.74,61,20,6.49
414,Orangeburg,US,2022-09-10 23:17:35,33.4918,-80.8557,82.94,85,0,3.44
415,Kenai,US,2022-09-10 23:20:44,60.5544,-151.2583,56.14,62,0,10.36
416,Kapit,MY,2022-09-10 23:20:44,2.0167,112.9333,72.66,99,100,0.87
417,Babushkin,RU,2022-09-10 23:20:45,51.7122,105.8647,46.89,66,43,4.85
418,Tsybli,UA,2022-09-10 23:20:45,49.9948,31.5628,55.15,87,100,22.91
419,Santa Cruz De La Palma,ES,2022-09-10 23:21:45,28.6835,-17.7642,73.54,88,0,0.0
420,Sergeyevka,KZ,2022-09-10 23:21:46,53.88,67.4158,48.07,80,100,16.75
421,Cockburn Town,TC,2022-09-10 23:21:46,21.4612,-71.1419,84.4,75,6,14.34
422,Gizo,SB,2022-09-10 23:21:47,-8.103,156.8419,83.17,70,28,7.25
423,Mirabad,AF,2022-09-10 23:21:47,30.4362,61.8383,77.72,40,0,26.78
424,Huejuquilla El Alto,MX,2022-09-10 23:21:47,22.6,-103.8667,73.76,66,100,2.42
425,Ahipara,NZ,2022-09-10 23:21:48,-35.1667,173.1667,60.93,65,79,12.44
426,Dunda,TZ,2022-09-10 23:21:48,-8.1167,34.25,64.98,65,52,2.17
427,Hamilton,US,2022-09-10 23:18:00,39.1834,-84.5333,76.87,77,0,12.66
428,Batouri,CM,2022-09-10 23:21:49,4.4333,14.3667,67.64,98,98,2.89
429,Neiafu,TO,2022-09-10 23:21:49,-18.65,-173.9833,81.28,65,75,14.97
430,Okhotsk,RU,2022-09-10 23:21:50,59.3833,143.3,51.13,54,0,20.2
431,Tautira,PF,2022-09-10 23:21:50,-17.7333,-149.15,78.01,67,13,18.41
432,Novikovo,RU,2022-09-10 23:21:50,51.1537,37.8879,44.92,53,76,8.19
433,Strangnas,SE,2022-09-10 23:21:51,59.3774,17.0312,55.94,81,100,4.5
434,Beringovskiy,RU,2022-09-10 23:21:51,63.05,179.3167,46.02,83,100,20.36
435,Moratuwa,LK,2022-09-10 23:21:52,6.773,79.8816,77.09,88,98,8.61
436,Hobyo,SO,2022-09-10 23:21:52,5.3505,48.5268,76.33,87,38,24.63
437,Ayan,RU,2022-09-10 23:21:53,56.45,138.1667,53.31,71,99,8.86
438,Anadyr,RU,2022-09-10 23:21:53,64.75,177.4833,48.7,61,75,4.47
439,Vratnica,MK,2022-09-10 23:21:53,42.1433,21.1169,60.53,66,22,3.65
440,Stykkisholmur,IS,2022-09-10 23:21:54,65.0757,-22.7297,47.32,88,84,14.09
441,Grand-Lahou,CI,2022-09-10 23:21:54,5.1367,-5.0242,73.17,93,67,6.64
442,Narsaq,GL,2022-09-10 23:21:54,60.9167,-46.05,44.82,69,65,3.04
443,Pastos Bons,BR,2022-09-10 23:21:55,-6.6017,-44.0767,81.66,32,41,3.24
444,Gat,IL,2022-09-10 23:21:42,31.61,34.7642,75.88,72,0,2.59
445,Carahue,CL,2022-09-10 23:17:10,-38.7,-73.1667,44.89,95,54,3.02
446,Jiblah,YE,2022-09-10 23:21:56,13.9216,44.1467,65.39,68,93,2.55
447,Rocha,UY,2022-09-10 23:21:56,-34.4833,-54.3333,42.04,81,0,6.35
448,Severo-Kurilsk,RU,2022-09-10 23:21:56,50.6789,156.125,56.8,73,11,12.59
449,Ola,RU,2022-09-10 23:21:57,59.5833,151.2833,52.32,82,2,1.12
450,Lagos,NG,2022-09-10 23:19:36,6.5833,3.75,75.33,89,100,3.13
451,Saint George,US,2022-09-10 23:19:03,37.1041,-113.5841,75.79,53,0,3.44
452,Manjacaze,MZ,2022-09-10 23:21:58,-24.7117,33.8828,66.16,72,0,9.31
453,Jiwani,PK,2022-09-10 23:21:58,25.05,61.7417,81.68,80,10,9.6
454,Victoria,HK,2022-09-10 23:18:42,22.2855,114.1577,85.17,84,20,3.0
455,Aklavik,CA,2022-09-10 23:21:59,68.2191,-135.0107,44.29,96,100,5.77
456,Russkiy Aktash,RU,2022-09-10 23:21:59,55.0384,52.1214,45.1,87,95,4.79
457,Paka,MY,2022-09-10 23:22:00,4.6374,103.4368,75.13,94,40,0.0
458,Amapa,BR,2022-09-10 23:22:00,1.0,-52.0,72.43,92,82,2.53
459,Boguchany,RU,2022-09-10 23:22:00,58.3814,97.4531,40.17,93,75,4.27
460,Acarau,BR,2022-09-10 23:22:01,-2.8856,-40.12,78.01,78,1,14.12
461,Prince Albert,CA,2022-09-10 23:22:01,53.2001,-105.7677,71.55,26,75,14.97
462,Saint-Pierre,RE,2022-09-10 23:22:02,-21.3393,55.4781,69.91,59,0,4.61
463,Touros,BR,2022-09-10 23:21:05,-5.1989,-35.4608,76.84,75,0,17.6
464,Rojhan,PK,2022-09-10 23:22:02,28.6868,69.9534,91.78,42,0,2.01
465,Red Wing,US,2022-09-10 23:18:05,44.5625,-92.5338,69.89,72,40,1.01
466,Bima,ID,2022-09-10 23:23:03,-8.4667,118.7167,76.75,84,26,3.33
467,Lakatoro,VU,2022-09-10 23:23:03,-16.0999,167.4164,82.35,67,69,13.73
468,La Ronge,CA,2022-09-10 23:23:04,55.1001,-105.2842,70.05,26,20,14.97
469,Voyinka,UA,2022-09-10 23:23:04,45.8699,33.9914,66.11,54,18,14.88
470,Yarkovo,RU,2022-09-10 23:23:05,57.4028,67.0786,40.21,93,85,4.47
471,Zhangye,CN,2022-09-10 23:23:05,38.9342,100.4517,63.1,26,0,5.79
472,Mudanya,TR,2022-09-10 23:23:06,40.3753,28.8822,73.63,52,0,2.55
473,Ongandjera,NA,2022-09-10 23:21:21,-17.8833,15.0667,70.41,14,0,8.48
474,Cap Malheureux,MU,2022-09-10 23:23:06,-19.9842,57.6142,67.46,72,0,1.99
475,Les Cayes,HT,2022-09-10 23:23:06,18.2,-73.75,83.71,76,30,7.23
476,Jilib,SO,2022-09-10 23:23:07,0.4883,42.7854,73.51,88,43,8.46
477,Qui Nhon,VN,2022-09-10 23:18:54,13.7667,109.2333,77.86,87,96,5.75
478,Kungurtug,RU,2022-09-10 23:23:07,50.5994,97.5228,42.19,91,53,1.41
479,Adrar,MR,2022-09-10 23:23:08,20.5022,-10.0711,97.52,22,54,14.92
480,Srandakan,ID,2022-09-10 23:23:08,-7.9386,110.2506,75.34,92,99,6.29
481,Sitka,US,2022-09-10 23:23:09,57.0531,-135.33,57.09,72,40,6.91
482,Mizdah,LY,2022-09-10 23:23:09,31.4451,12.9801,77.65,26,0,3.67
483,Akyab,MM,2022-09-10 23:23:09,20.15,92.9,78.71,89,100,9.8
484,Cooma,AU,2022-09-10 23:23:10,-36.2333,149.1333,44.55,73,10,3.49
485,Cabedelo,BR,2022-09-10 23:23:10,-6.9811,-34.8339,74.07,78,36,11.88
486,Sao Francisco,BR,2022-09-10 23:23:11,-15.9486,-44.8644,77.4,19,6,1.9
487,Miraflores,MX,2022-09-10 23:23:11,19.2167,-98.8083,77.65,65,100,4.0
488,Polis,CY,2022-09-10 23:23:12,35.0367,32.4264,71.42,68,0,2.8
489,Marsaxlokk,MT,2022-09-10 23:23:12,35.8419,14.5431,80.08,83,0,5.75
490,Bela,IN,2022-09-10 23:23:12,25.9333,81.9833,79.99,77,9,7.34
491,Mega,ET,2022-09-10 23:23:13,4.05,38.3,60.85,76,98,21.65
492,Bosaso,SO,2022-09-10 23:23:13,11.2842,49.1816,87.82,65,87,3.65
493,Bathsheba,BB,2022-09-10 23:23:14,13.2167,-59.5167,83.01,74,20,11.5
494,Sterling,US,2022-09-10 23:23:14,39.0062,-77.4286,77.9,76,100,5.75
495,Pangkalanbuun,ID,2022-09-10 23:23:15,-2.6833,111.6167,73.65,97,99,1.79
496,Dingle,PH,2022-09-10 23:23:15,10.9995,122.6711,77.47,85,84,3.29
497,Sibolga,ID,2022-09-10 23:23:16,1.7427,98.7792,75.6,83,97,3.44
498,Hammerfest,NO,2022-09-10 23:23:16,70.6634,23.6821,46.85,100,75,6.91
499,Inongo,CD,2022-09-10 23:23:16,-1.95,18.2667,69.13,91,2,4.88
500,Richards Bay,ZA,2022-09-10 23:23:17,-28.783,32.0377,64.76,95,1,3.74
501,Rawson,AR,2022-09-10 23:23:17,-43.3002,-65.1023,56.07,42,0,9.31
502,Amuntai,ID,2022-09-10 23:23:18,-2.4177,115.2494,72.63,97,98,1.59
503,Dhrangadhra,IN,2022-09-10 23:23:18,22.9833,71.4667,83.35,76,100,7.7
504,Ust-Kuyga,RU,2022-09-10 23:23:18,70.0167,135.6,38.86,93,99,0.81
505,Pak Phanang,TH,2022-09-10 23:23:19,8.3511,100.202,77.02,80,100,3.76
506,Oistins,BB,2022-09-10 23:19:08,13.0667,-59.5333,82.49,74,20,11.5
507,Potenza,IT,2022-09-10 23:23:20,40.6443,15.8086,60.8,94,22,5.79
508,Moron,AR,2022-09-10 23:23:20,-34.6534,-58.6198,58.98,56,0,3.04
509,Ixtlahuacan Del Rio,MX,2022-09-10 23:23:21,20.8667,-103.25,81.27,54,98,1.43
510,Zabol,AF,2022-09-10 23:23:21,32.25,67.25,70.02,22,0,7.65
511,Maxixe,MZ,2022-09-10 23:23:21,-23.8597,35.3472,66.34,90,0,9.53
512,Buldana,IN,2022-09-10 23:24:24,20.5333,76.1833,72.32,91,100,5.97
513,Borba,BR,2022-09-10 23:24:24,-4.3878,-59.5939,85.95,39,29,2.98
514,Sao Joao Do Piaui,BR,2022-09-10 23:24:25,-8.3581,-42.2467,83.28,32,7,7.07
515,Yertsevo,RU,2022-09-10 23:24:25,60.7966,40.086,41.09,94,98,4.14
516,Samarinda,ID,2022-09-10 23:24:25,-0.5,117.15,72.95,98,100,1.74
517,Senneterre,CA,2022-09-10 23:24:26,48.3835,-77.2328,70.3,66,8,4.23
518,Leiyang,CN,2022-09-10 23:24:27,26.4024,112.8591,75.61,59,82,1.83
519,Maltahohe,NA,2022-09-10 23:21:21,-24.8333,16.9833,68.49,17,4,10.33
520,Tezu,IN,2022-09-10 23:24:27,27.9167,96.1667,74.01,72,19,3.22
521,Kara,TG,2022-09-10 23:24:28,9.5511,1.1861,72.84,94,100,3.53
522,Ampanihy,MG,2022-09-10 23:24:28,-24.7,44.75,66.99,65,0,1.54
523,Yevlax,AZ,2022-09-10 23:24:28,40.6089,47.1492,70.43,55,100,8.75
524,Muzhi,RU,2022-09-10 23:24:29,65.3667,64.6667,35.87,92,89,5.75
525,Bac Lieu,VN,2022-09-10 23:33:38,9.285,105.7244,78.22,88,100,6.6
526,Qiyang,CN,2022-09-10 23:33:39,26.5911,111.8474,77.7,57,100,2.59
527,Dunedin,NZ,2022-09-10 23:32:58,-45.8742,170.5036,53.8,74,24,1.99
528,Ilhabela,BR,2022-09-10 23:33:39,-23.7781,-45.3581,67.24,93,99,7.96
529,Oranjemund,NA,2022-09-10 23:33:40,-28.55,16.4333,54.46,94,71,4.52
530,Halifax,CA,2022-09-10 23:31:27,44.6453,-63.5724,69.8,62,0,13.8
531,Stornoway,GB,2022-09-10 23:33:40,58.2093,-6.3865,55.36,93,49,2.3
532,Bodden Town,KY,2022-09-10 23:33:41,19.2833,-81.25,87.8,70,20,4.61
533,San Joaquin,US,2022-09-10 23:33:41,37.9333,-121.3011,88.05,39,0,10.36
534,Avera,US,2022-09-10 23:33:42,33.194,-82.5271,77.38,90,99,5.12
535,Kloulklubed,PW,2022-09-10 23:33:42,7.0419,134.2556,82.9,69,65,3.98
536,Picsi,PE,2022-09-10 23:33:42,-6.7178,-79.7697,62.44,77,0,25.32
537,Iralaya,HN,2022-09-10 23:33:43,15.0,-83.2333,81.75,84,98,9.69
538,Bolitoc,PH,2022-09-10 23:33:43,15.7395,119.8769,82.49,75,78,4.38
539,Marawi,PH,2022-09-10 23:33:43,7.9986,124.2928,74.71,76,100,2.44
540,Necochea,AR,2022-09-10 23:28:52,-38.5473,-58.7368,45.1,63,0,7.0
541,Aurillac,FR,2022-09-10 23:33:22,44.9167,2.45,55.0,93,0,3.44
542,Cheney,US,2022-09-10 23:28:48,47.4874,-117.5758,82.13,20,0,3.44
543,Rajampet,IN,2022-09-10 23:33:02,14.1833,79.1667,78.37,75,100,6.89
544,Swidwin,PL,2022-09-10 23:33:45,53.7746,15.7767,57.96,100,96,3.06
545,Harper,LR,2022-09-10 23:33:45,4.375,-7.7169,75.51,84,52,9.6
546,Ostrovnoy,RU,2022-09-10 23:33:45,68.0531,39.5131,47.1,85,97,11.59
547,Grand Gaube,MU,2022-09-10 23:33:46,-20.0064,57.6608,70.2,73,0,4.0
548,Taclobo,PH,2022-09-10 23:33:46,12.3074,122.586,82.78,75,73,9.69
549,Vostok,RU,2022-09-10 23:33:47,46.4856,135.8833,67.03,54,2,1.39
550,Duarte,US,2022-09-10 23:33:47,34.1394,-117.9773,84.0,70,20,6.91
551,Humaita,BR,2022-09-10 23:33:48,-7.5061,-63.0208,82.4,55,70,2.08
552,Haines Junction,CA,2022-09-10 23:33:48,60.7522,-137.5108,57.15,38,85,9.22
553,Marsh Harbour,BS,2022-09-10 23:33:49,26.5412,-77.0636,85.08,70,30,6.73
554,Uarini,BR,2022-09-10 23:33:49,-2.99,-65.1083,75.88,82,54,3.2
555,Marsabit,KE,2022-09-10 23:33:50,2.3284,37.9899,62.38,77,24,20.33
556,Mitsamiouli,KM,2022-09-10 23:33:50,-11.3847,43.2844,74.97,71,10,6.08
557,Sinop,TR,2022-09-10 23:46:00,41.7711,34.8709,64.31,67,0,6.17
558,Starachowice,PL,2022-09-10 23:46:00,51.0374,21.0713,57.65,90,100,4.09
559,Tucuman,AR,2022-09-10 23:46:01,-26.8241,-65.2226,60.8,25,1,5.75
560,Mar Del Plata,AR,2022-09-10 23:41:02,-38.0023,-57.5575,49.08,80,0,2.3
561,Dakar,SN,2022-09-10 23:44:23,14.6937,-17.4441,82.49,78,69,11.25
562,Gambela,ET,2022-09-10 23:46:02,8.25,34.5833,68.81,93,90,3.15
563,Uaua,BR,2022-09-10 23:46:02,-9.8414,-39.4817,72.36,75,45,16.2
564,Lavrentiya,RU,2022-09-10 23:46:03,65.5833,-171.0,44.02,82,91,6.15
565,Bohodukhiv,UA,2022-09-10 23:46:03,50.1647,35.5276,55.96,33,100,14.74
566,Los Llanos De Aridane,ES,2022-09-10 23:46:04,28.6585,-17.9182,69.55,96,0,2.3
567,Buala,SB,2022-09-10 23:46:05,-8.145,159.5921,84.96,64,20,10.54
568,Colares,PT,2022-09-10 23:46:05,38.7992,-9.4469,70.75,74,13,8.99
569,Arica,CL,2022-09-10 23:45:31,-18.475,-70.3042,60.35,72,100,6.91
570,Gorontalo,ID,2022-09-10 23:46:06,0.5412,123.0595,80.91,77,99,2.66
571,Gararu,BR,2022-09-10 23:46:06,-9.9675,-37.0833,71.08,92,53,4.32
